,0
0,AGG
1,GGG
2,AGG
3,TGG
4,CGG
5,GGG
6,AGG
7,TGG
8,TGG
9,CGG
10,TGG
11,AGG
12,TGG
13,TGG
14,AGG
15,TGG
16,TGG
17,TGG
18,GGG
19,CGG
20,TGG
21,TGG
22,AGG
23,AGG
24,TGG
25,AGG
26,GGG
27,AGG
28,GGG
29,AGG
30,GGG
31,GGG
32,GGG
33,GGG
34,GGG
35,AGG
36,TGG
37,TGG
38,AGG
39,GGG
40,TGG
41,TGG
42,AGG
43,TGG
44,AGG
45,TGG
46,TGG
47,TGG
48,AGG
49,AGG
50,AGG
51,CGG
52,GGG
53,TGG
54,GGG
55,GGG
56,AGG
57,AGG
58,GGG
59,AGG
60,TGG
61,TGG
62,TGG
63,TGG
64,TGG
65,CGG
66,TGG
67,GGG
68,GGG
69,TGG
70,GGG
71,TGG
72,GGG
73,GGG
74,TGG
75,AGG
76,TGG
77,GGG
78,AGG
79,TGG
80,TGG
81,GGG
82,GGG
83,AGG
84,TGG
85,AGG
86,TGG
87,TGG
88,AGG
89,AGG
90,TGG
91,TGG
92,TGG
93,AGG
94,TGG
95,TGG
96,AGG
97,GGG
98,TGG
99,AGG
100,CGG
101,AGG
102,TGG
103,TGG
104,CGG
105,CGG
106,AGG
107,TGG
108,AGG
109,AGG
110,AGG
111,GGG
112,AGG
113,AGG
114,TGG
115,CGG
116,CGG
117,TGG
118,GGG
119,AGG
120,AGG
121,AGG
122,AGG
123,AGG
124,GGG
125,TGG
126,CGG
127,TGG
128,GGG
129,GGG
130,GGG
131,GGG
132,GGG
133,TGG
134,TGG
135,AGG
136,GGG
137,GGG
138,GGG
139,TGG
140,GGG
141,AGG
142,AGG
143,AGG
144,AGG
145,GGG
146,AGG
147,TGG
148,GGG
149,CGG
150,AGG
151,AGG
152,CGG
153,GGG
154,CGG
155,AGG
156,GGG
157,AGG
158,AGG
159,TGG
160,TGG
161,TGG
162,CGG
163,AGG
164,GGG
165,TGG
166,GGG
167,GGG
168,TGG
169,GGG
170,GGG
171,TGG
172,AGG
173,AGG
174,AGG
175,TGG
176,TGG
177,AGG
178,TGG
179,GGG
180,CGG
181,GGG
182,GGG
183,GGG
184,AGG
185,AGG
186,AGG
187,GGG
188,TGG
189,AGG
190,TGG
191,AGG
192,AGG
193,GGG
194,AGG
195,TGG
196,TGG
197,CGG
198,CGG
199,AGG
200,CGG
201,CGG
202,TGG
203,TGG
204,TGG
205,AGG
206,AGG
207,GGG
208,GGG
209,TGG
210,TGG
211,TGG
212,TGG
213,TGG
214,TGG
215,TGG
216,GGG
217,CGG
218,TGG
219,CGG
220,TGG
221,CGG
222,CGG
223,GGG
224,AGG
225,GGG
226,GGG
227,AGG
228,CGG
229,GGG
230,CGG
231,TGG
232,TGG
233,GGG
234,TGG
235,TGG
236,AGG
237,TGG
238,AGG
239,GGG
240,GGG
241,TGG
242,TGG
243,CGG
244,AGG
245,AGG
246,GGG
247,AGG
248,AGG
249,AGG
250,GGG
251,TGG
252,CGG
253,GGG
254,AGG
255,TGG
256,GGG
257,AGG
258,AGG
259,GGG
260,AGG
261,TGG
262,AGG
263,CGG
264,TGG
265,GGG
266,TGG
267,AGG
268,GGG
269,GGG
270,GGG
271,AGG
272,TGG
273,GGG
274,TGG
275,AGG
276,GGG
277,TGG
278,AGG
279,TGG
280,AGG
281,TGG
282,TGG
283,GGG
284,AGG
285,AGG
286,CGG
287,AGG
288,AGG
289,CGG
290,CGG
291,TGG
292,CGG
293,TGG
294,GGG
295,GGG
296,AGG
297,GGG
298,TGG
299,AGG
300,TGG
301,TGG
302,TGG
303,AGG
304,GGG
305,CGG
306,TGG
307,GGG
308,AGG
309,TGG
310,GGG
311,GGG
312,TGG
313,AGG
314,GGG
315,GGG
316,TGG
317,CGG
318,TGG
319,AGG
320,AGG
321,TGG
322,AGG
323,GGG
324,AGG
325,GGG
326,AGG
327,AGG
328,GGG
329,AGG
330,TGG
331,CGG
332,TGG
333,GGG
334,CGG
335,GGG
336,CGG
337,GGG
338,AGG
339,TGG
340,AGG
341,TGG
342,TGG
343,TGG
344,AGG
345,AGG
346,TGG
347,TGG
348,AGG
349,AGG
350,AGG
351,AGG
352,TGG
353,CGG
354,AGG
355,TGG
356,TGG
357,GGG
358,TGG
359,CGG
360,TGG
361,TGG
362,TGG
363,AGG
364,TGG
365,GGG
366,CGG
367,TGG
368,TGG
369,GGG
370,TGG
371,AGG
372,AGG
373,GGG
374,AGG
375,GGG
376,TGG
377,AGG
378,AGG
379,GGG
380,GGG
381,TGG
382,AGG
383,GGG
384,AGG
385,AGG
386,AGG
387,AGG
388,AGG
389,AGG
390,AGG
391,TGG
392,AGG
393,TGG
394,AGG
395,TGG
396,TGG
397,CGG
398,TGG
399,AGG
400,GGG
401,TGG
402,GGG
403,AGG
404,GGG
405,AGG
406,TGG
407,TGG
408,AGG
409,AGG
410,CGG
411,AGG
412,TGG
413,TGG
414,CGG
415,CGG
416,GGG
417,CGG
418,AGG
419,TGG
420,AGG
421,CGG
422,AGG
423,TGG
424,TGG
425,AGG
426,TGG
427,GGG
428,GGG
429,AGG
430,TGG
431,TGG
432,TGG
433,GGG
434,AGG
435,TGG
436,TGG
437,GGG
438,GGG
439,TGG
440,TGG
441,AGG
442,AGG
443,GGG
444,GGG
445,CGG
446,AGG
447,AGG
448,TGG
449,AGG
450,GGG
451,TGG
452,CGG
453,GGG
454,CGG
455,AGG
456,CGG
457,GGG
458,TGG
459,TGG
460,GGG
461,GGG
462,AGG
463,CGG
464,TGG
465,CGG
466,CGG
467,CGG
468,GGG
469,TGG
470,GGG
471,TGG
472,TGG
473,GGG
474,GGG
475,TGG
476,GGG
477,TGG
478,AGG
479,GGG
480,AGG
481,GGG
482,TGG
483,CGG
484,TGG
485,GGG
486,GGG
487,GGG
488,GGG
489,AGG
490,TGG
491,TGG
492,AGG
493,TGG
494,TGG
495,GGG
496,CGG
497,TGG
498,TGG
499,GGG
500,GGG
501,TGG
502,TGG
503,CGG
504,AGG
505,TGG
506,AGG
507,AGG
508,TGG
509,TGG
510,TGG
511,CGG
512,GGG
513,TGG
514,AGG
515,GGG
516,GGG
517,TGG
518,GGG
519,AGG
520,AGG
521,AGG
522,CGG
523,AGG
524,GGG
525,AGG
526,TGG
527,TGG
528,AGG
529,TGG
530,AGG
531,GGG
532,CGG
533,TGG
534,TGG
535,AGG
536,AGG
537,GGG
538,TGG
539,AGG
540,TGG
541,GGG
542,TGG
543,AGG
544,AGG
545,GGG
546,TGG
547,AGG
548,GGG
549,GGG
550,TGG
551,TGG
552,TGG
553,AGG
554,GGG
555,AGG
556,CGG
557,AGG
558,AGG
559,AGG
560,GGG
561,TGG
562,AGG
563,AGG
564,TGG
565,TGG
566,AGG
567,TGG
568,AGG
569,AGG
570,AGG
571,TGG
572,GGG
573,CGG
574,GGG
575,TGG
576,TGG
577,CGG
578,GGG
579,GGG
580,TGG
581,CGG
582,GGG
583,AGG
584,GGG
585,TGG
586,TGG
587,AGG
588,TGG
589,AGG
590,TGG
591,AGG
592,TGG
593,GGG
594,TGG
595,TGG
596,TGG
597,GGG
598,AGG
599,TGG
600,GGG
601,GGG
602,GGG
603,AGG
604,AGG
605,AGG
606,GGG
607,AGG
608,AGG
609,TGG
610,GGG
611,AGG
612,AGG
613,AGG
614,CGG
615,GGG
616,AGG
617,AGG
618,GGG
619,CGG
620,GGG
621,TGG
622,GGG
623,GGG
624,CGG
625,GGG
626,AGG
627,AGG
628,AGG
629,TGG
630,TGG
631,TGG
632,AGG
633,AGG
634,AGG
635,AGG
636,AGG
637,AGG
638,TGG
639,AGG
640,TGG
641,GGG
642,TGG
643,GGG
644,GGG
645,GGG
646,AGG
647,GGG
648,TGG
649,TGG
650,TGG
651,TGG
652,GGG
653,TGG
654,AGG
655,TGG
656,AGG
657,AGG
658,TGG
659,GGG
660,TGG
661,CGG
662,GGG
663,TGG
664,TGG
665,AGG
666,TGG
667,TGG
668,AGG
669,TGG
670,GGG
671,AGG
672,TGG
673,CGG
674,CGG
675,CGG
676,TGG
677,TGG
678,GGG
679,CGG
680,CGG
681,TGG
682,CGG
683,TGG
684,TGG
685,TGG
686,GGG
687,TGG
688,AGG
689,TGG
690,TGG
691,AGG
692,GGG
693,GGG
694,TGG
695,TGG
696,CGG
697,GGG
698,AGG
699,TGG
700,GGG
701,AGG
702,AGG
703,CGG
704,AGG
705,CGG
706,AGG
707,TGG
708,TGG
709,TGG
710,TGG
711,CGG
712,TGG
713,TGG
714,CGG
715,TGG
716,GGG
717,GGG
718,GGG
719,GGG
720,GGG
721,GGG
722,TGG
723,GGG
724,GGG
725,TGG
726,GGG
727,CGG
728,AGG
729,AGG
730,CGG
731,TGG
732,GGG
733,AGG
734,AGG
735,TGG
736,GGG
737,TGG
738,GGG
739,TGG
740,AGG
741,AGG
742,TGG
743,GGG
744,GGG
745,GGG
746,GGG
747,GGG
748,AGG
749,TGG
750,GGG
751,TGG
752,TGG
753,TGG
754,TGG
755,AGG
756,GGG
757,GGG
758,AGG
759,AGG
760,CGG
761,GGG
762,AGG
763,GGG
764,TGG
765,GGG
766,AGG
767,AGG
768,AGG
769,TGG
770,AGG
771,GGG
772,TGG
773,TGG
774,GGG
775,GGG
776,CGG
777,CGG
778,AGG
779,GGG
780,AGG
781,CGG
782,TGG
783,TGG
784,TGG
785,TGG
786,CGG
787,GGG
788,TGG
789,TGG
790,AGG
791,TGG
792,CGG
793,TGG
794,AGG
795,TGG
796,AGG
797,AGG
798,TGG
799,TGG
800,CGG
801,TGG
802,TGG
803,TGG
804,AGG
805,TGG
806,TGG
807,AGG
808,AGG
809,AGG
810,CGG
811,TGG
812,AGG
813,TGG
814,AGG
815,AGG
816,AGG
817,TGG
818,TGG
819,GGG
820,TGG
821,GGG
822,AGG
823,TGG
824,CGG
825,GGG
826,AGG
827,GGG
828,TGG
829,GGG
830,TGG
831,TGG
832,AGG
833,GGG
834,TGG
835,CGG
836,TGG
837,AGG
838,TGG
839,TGG
840,CGG
841,TGG
842,GGG
843,TGG
844,GGG
845,GGG
846,AGG
847,GGG
848,GGG
849,AGG
850,TGG
851,GGG
852,GGG
853,TGG
854,AGG
855,TGG
856,GGG
857,TGG
858,AGG
859,AGG
860,CGG
861,TGG
862,CGG
863,CGG
864,TGG
865,AGG
866,CGG
867,AGG
868,GGG
869,GGG
870,AGG
871,AGG
872,GGG
873,TGG
874,GGG
875,TGG
876,AGG
877,AGG
878,AGG
879,AGG
880,AGG
881,TGG
882,TGG
883,AGG
884,CGG
885,GGG
886,GGG
887,AGG
888,AGG
889,GGG
890,GGG
891,TGG
892,TGG
893,TGG
894,GGG
895,AGG
896,TGG
897,TGG
898,TGG
899,AGG
900,GGG
901,AGG
902,AGG
903,CGG
904,AGG
905,TGG
906,GGG
907,GGG
908,CGG
909,AGG
910,AGG
911,TGG
912,TGG
913,GGG
914,AGG
915,TGG
916,GGG
917,GGG
918,AGG
919,AGG
920,AGG
921,AGG
922,AGG
923,AGG
924,GGG
925,TGG
926,GGG
927,TGG
928,CGG
929,TGG
930,TGG
931,AGG
932,AGG
933,AGG
934,GGG
935,AGG
936,AGG
937,AGG
938,TGG
939,GGG
940,TGG
941,TGG
942,AGG
943,GGG
944,CGG
945,GGG
946,TGG
947,AGG
948,GGG
949,AGG
950,TGG
951,AGG
952,AGG
953,GGG
954,TGG
955,AGG
956,TGG
957,TGG
958,TGG
959,GGG
960,TGG
961,GGG
962,AGG
963,TGG
964,AGG
965,TGG
966,GGG
967,AGG
968,CGG
969,TGG
970,TGG
971,TGG
972,TGG
973,AGG
974,AGG
975,CGG
976,TGG
977,GGG
978,CGG
979,TGG
980,GGG
981,AGG
982,TGG
983,TGG
984,GGG
985,GGG
986,GGG
987,TGG
988,AGG
989,TGG
990,GGG
991,TGG
992,GGG
993,TGG
994,TGG
995,GGG
996,GGG
997,GGG
998,GGG
999,TGG
1000,TGG
1001,GGG
1002,TGG
1003,TGG
1004,TGG
1005,CGG
1006,TGG
1007,AGG
1008,TGG
1009,CGG
1010,AGG
1011,GGG
1012,TGG
1013,TGG
1014,GGG
1015,GGG
1016,AGG
1017,AGG
1018,AGG
1019,TGG
1020,TGG
1021,GGG
1022,TGG
1023,TGG
1024,TGG
1025,GGG
1026,GGG
1027,CGG
1028,TGG
1029,AGG
1030,GGG
1031,GGG
1032,AGG
1033,TGG
1034,TGG
1035,TGG
1036,AGG
1037,GGG
1038,GGG
1039,TGG
1040,TGG
1041,GGG
1042,AGG
1043,GGG
1044,AGG
1045,CGG
1046,TGG
1047,AGG
1048,GGG
1049,GGG
1050,GGG
1051,AGG
1052,CGG
1053,GGG
1054,GGG
1055,AGG
1056,TGG
1057,GGG
1058,GGG
1059,GGG
1060,TGG
1061,GGG
1062,GGG
1063,TGG
1064,AGG
1065,AGG
1066,TGG
1067,AGG
1068,AGG
1069,CGG
1070,CGG
1071,TGG
1072,TGG
1073,TGG
1074,CGG
1075,CGG
1076,TGG
1077,AGG
1078,TGG
1079,CGG
1080,GGG
1081,AGG
1082,TGG
1083,TGG
1084,TGG
1085,TGG
1086,GGG
1087,TGG
1088,TGG
1089,AGG
1090,AGG
1091,CGG
1092,TGG
1093,CGG
1094,TGG
1095,TGG
1096,AGG
1097,TGG
1098,AGG
1099,AGG
1100,TGG
1101,AGG
1102,GGG
1103,TGG
1104,TGG
1105,GGG
1106,GGG
1107,AGG
1108,TGG
1109,AGG
1110,TGG
1111,AGG
1112,TGG
1113,GGG
1114,AGG
1115,TGG
1116,TGG
1117,GGG
1118,TGG
1119,GGG
1120,GGG
1121,GGG
1122,TGG
1123,GGG
1124,TGG
1125,TGG
1126,TGG
1127,AGG
1128,GGG
1129,TGG
1130,AGG
1131,GGG
1132,TGG
1133,AGG
1134,AGG
1135,TGG
1136,TGG
1137,CGG
1138,AGG
1139,GGG
1140,GGG
1141,GGG
1142,AGG
1143,TGG
1144,GGG
1145,AGG
1146,AGG
1147,TGG
1148,TGG
1149,TGG
1150,TGG
1151,GGG
1152,TGG
1153,AGG
1154,GGG
1155,TGG
1156,GGG
1157,GGG
1158,TGG
1159,TGG
1160,CGG
1161,AGG
1162,TGG
1163,TGG
1164,AGG
1165,GGG
1166,CGG
1167,GGG
1168,AGG
1169,TGG
1170,AGG
1171,GGG
1172,GGG
1173,CGG
1174,TGG
1175,TGG
1176,AGG
1177,GGG
1178,AGG
1179,CGG
1180,TGG
1181,TGG
1182,AGG
1183,AGG
1184,GGG
1185,GGG
1186,GGG
1187,TGG
1188,CGG
1189,AGG
1190,AGG
1191,TGG
1192,TGG
1193,CGG
1194,TGG
1195,TGG
1196,GGG
1197,TGG
1198,AGG
1199,GGG
1200,TGG
1201,TGG
1202,TGG
1203,AGG
1204,TGG
1205,GGG
1206,CGG
1207,AGG
1208,TGG
1209,AGG
1210,TGG
1211,GGG
1212,TGG
1213,TGG
1214,GGG
1215,TGG
1216,TGG
1217,GGG
1218,GGG
1219,GGG
1220,GGG
1221,TGG
1222,GGG
1223,TGG
1224,AGG
1225,TGG
1226,AGG
1227,GGG
1228,TGG
1229,AGG
1230,TGG
1231,CGG
1232,CGG
1233,CGG
1234,TGG
1235,AGG
1236,TGG
1237,CGG
1238,TGG
1239,AGG
1240,CGG
1241,TGG
1242,AGG
1243,TGG
1244,TGG
1245,TGG
1246,TGG
1247,AGG
1248,AGG
1249,TGG
1250,AGG
1251,TGG
1252,CGG
1253,AGG
1254,GGG
1255,AGG
1256,AGG
1257,AGG
1258,AGG
1259,TGG
1260,TGG
1261,AGG
1262,AGG
1263,TGG
1264,TGG
1265,AGG
1266,AGG
1267,TGG
1268,TGG
1269,AGG
1270,TGG
1271,TGG
1272,TGG
1273,TGG
1274,TGG
1275,TGG
1276,AGG
1277,TGG
1278,AGG
1279,GGG
1280,AGG
1281,CGG
1282,TGG
1283,AGG
1284,AGG
1285,TGG
1286,TGG
1287,GGG
1288,GGG
1289,GGG
1290,AGG
1291,TGG
1292,GGG
1293,AGG
1294,AGG
1295,TGG
1296,GGG
1297,TGG
1298,TGG
1299,TGG
1300,TGG
1301,TGG
1302,GGG
1303,GGG
1304,TGG
1305,TGG
1306,TGG
1307,GGG
1308,AGG
1309,GGG
1310,CGG
1311,GGG
1312,AGG
1313,TGG
1314,GGG
1315,GGG
1316,GGG
1317,TGG
1318,TGG
1319,GGG
1320,GGG
1321,TGG
1322,CGG
1323,TGG
1324,TGG
1325,AGG
1326,AGG
1327,TGG
1328,AGG
1329,CGG
1330,TGG
1331,GGG
1332,GGG
1333,TGG
1334,AGG
1335,TGG
1336,AGG
1337,TGG
1338,AGG
1339,AGG
1340,TGG
1341,AGG
1342,GGG
1343,CGG
1344,GGG
1345,AGG
1346,GGG
1347,TGG
1348,AGG
1349,AGG
1350,GGG
1351,AGG
1352,AGG
1353,CGG
1354,TGG
1355,TGG
1356,CGG
1357,AGG
1358,GGG
1359,AGG
1360,TGG
1361,GGG
1362,AGG
1363,TGG
1364,GGG
1365,GGG
1366,GGG
1367,TGG
1368,CGG
1369,AGG
1370,AGG
1371,GGG
1372,GGG
1373,TGG
1374,GGG
1375,GGG
1376,TGG
1377,TGG
1378,GGG
1379,CGG
1380,AGG
1381,TGG
1382,AGG
1383,TGG
1384,GGG
1385,TGG
1386,AGG
1387,GGG
1388,TGG
1389,TGG
1390,TGG
1391,AGG
1392,TGG
1393,GGG
1394,TGG
1395,TGG
1396,TGG
1397,GGG
1398,AGG
1399,TGG
1400,GGG
1401,CGG
1402,TGG
1403,AGG
1404,GGG
1405,TGG
1406,TGG
1407,GGG
1408,GGG
1409,TGG
1410,AGG
1411,TGG
1412,TGG
1413,GGG
1414,CGG
1415,CGG
1416,TGG
1417,AGG
1418,TGG
1419,CGG
1420,AGG
1421,TGG
1422,TGG
1423,AGG
1424,TGG
1425,AGG
1426,AGG
1427,GGG
1428,GGG
1429,TGG
1430,TGG
1431,GGG
1432,AGG
1433,TGG
1434,AGG
1435,TGG
1436,GGG
1437,GGG
1438,GGG
1439,TGG
1440,TGG
1441,AGG
1442,CGG
1443,AGG
1444,TGG
1445,CGG
1446,AGG
1447,TGG
1448,TGG
1449,AGG
1450,GGG
1451,TGG
1452,TGG
1453,GGG
1454,TGG
1455,CGG
1456,AGG
1457,CGG
1458,TGG
1459,CGG
1460,AGG
1461,AGG
1462,TGG
1463,TGG
1464,CGG
1465,AGG
1466,GGG
1467,TGG
1468,TGG
1469,CGG
1470,TGG
1471,CGG
1472,AGG
1473,AGG
1474,TGG
1475,TGG
1476,GGG
1477,TGG
1478,GGG
1479,TGG
1480,AGG
1481,TGG
1482,AGG
1483,GGG
1484,TGG
1485,GGG
1486,TGG
1487,AGG
1488,AGG
1489,GGG
1490,GGG
1491,GGG
1492,TGG
1493,CGG
1494,TGG
1495,TGG
1496,TGG
1497,TGG
1498,AGG
1499,TGG
1500,AGG
1501,AGG
1502,AGG
1503,TGG
1504,TGG
1505,GGG
1506,AGG
1507,TGG
1508,TGG
1509,AGG
1510,AGG
1511,TGG
1512,TGG
1513,CGG
1514,TGG
1515,CGG
1516,TGG
1517,CGG
1518,TGG
1519,GGG
1520,GGG
1521,AGG
1522,CGG
1523,TGG
1524,GGG
1525,AGG
1526,TGG
1527,CGG
1528,TGG
1529,AGG
1530,AGG
1531,TGG
1532,CGG
1533,GGG
1534,TGG
1535,CGG
1536,CGG
1537,AGG
1538,TGG
1539,GGG
1540,TGG
1541,CGG
1542,TGG
1543,AGG
1544,AGG
1545,TGG
1546,TGG
1547,CGG
1548,AGG
1549,GGG
1550,AGG
1551,GGG
1552,GGG
1553,TGG
1554,GGG
1555,AGG
1556,GGG
1557,AGG
1558,AGG
1559,GGG
1560,AGG
1561,GGG
1562,AGG
1563,TGG
1564,TGG
1565,GGG
1566,TGG
1567,TGG
1568,TGG
1569,TGG
1570,CGG
1571,CGG
1572,GGG
1573,CGG
1574,AGG
1575,AGG
1576,GGG
1577,CGG
1578,GGG
1579,GGG
1580,AGG
1581,TGG
1582,TGG
1583,AGG
1584,TGG
1585,TGG
1586,TGG
1587,GGG
1588,GGG
1589,CGG
1590,TGG
1591,GGG
1592,TGG
1593,AGG
1594,GGG
1595,GGG
1596,CGG
1597,AGG
1598,GGG
1599,AGG
1600,GGG
1601,AGG
1602,AGG
1603,AGG
1604,TGG
1605,GGG
1606,AGG
1607,AGG
1608,GGG
1609,TGG
1610,GGG
1611,AGG
1612,TGG
1613,AGG
1614,GGG
1615,AGG
1616,GGG
1617,GGG
1618,AGG
1619,AGG
1620,AGG
1621,TGG
1622,TGG
1623,TGG
1624,GGG
1625,TGG
1626,GGG
1627,TGG
1628,AGG
1629,TGG
1630,TGG
1631,TGG
1632,GGG
1633,AGG
1634,AGG
1635,CGG
1636,TGG
1637,CGG
1638,TGG
1639,GGG
1640,GGG
1641,AGG
1642,TGG
1643,TGG
1644,AGG
1645,AGG
1646,AGG
1647,TGG
1648,TGG
1649,TGG
1650,TGG
1651,AGG
1652,AGG
1653,TGG
1654,TGG
1655,GGG
1656,GGG
1657,TGG
1658,CGG
1659,TGG
1660,AGG
1661,TGG
1662,AGG
1663,TGG
1664,GGG
1665,AGG
1666,GGG
1667,TGG
1668,GGG
1669,TGG
1670,TGG
1671,GGG
1672,CGG
1673,AGG
1674,AGG
1675,GGG
1676,TGG
1677,GGG
1678,CGG
1679,TGG
1680,CGG
1681,AGG
1682,CGG
1683,CGG
1684,GGG
1685,AGG
1686,CGG
1687,TGG
1688,GGG
1689,AGG
1690,AGG
1691,GGG
1692,GGG
1693,TGG
1694,TGG
1695,GGG
1696,AGG
1697,AGG
1698,GGG
1699,GGG
1700,GGG
1701,CGG
1702,GGG
1703,AGG
1704,TGG
1705,TGG
1706,TGG
1707,TGG
1708,AGG
1709,CGG
1710,GGG
1711,TGG
1712,GGG
1713,AGG
1714,TGG
1715,AGG
1716,TGG
1717,GGG
1718,TGG
1719,GGG
1720,AGG
1721,TGG
1722,GGG
1723,AGG
1724,GGG
1725,CGG
1726,AGG
1727,AGG
1728,TGG
1729,GGG
1730,AGG
1731,CGG
1732,CGG
1733,AGG
1734,GGG
1735,TGG
1736,TGG
1737,CGG
1738,GGG
1739,AGG
1740,AGG
1741,AGG
1742,GGG
1743,TGG
1744,GGG
1745,GGG
1746,GGG
1747,TGG
1748,TGG
1749,GGG
1750,AGG
1751,CGG
1752,TGG
1753,TGG
1754,TGG
1755,CGG
1756,CGG
1757,GGG
1758,TGG
1759,AGG
1760,AGG
1761,TGG
1762,GGG
1763,GGG
1764,TGG
1765,AGG
1766,AGG
1767,TGG
1768,AGG
1769,AGG
1770,CGG
1771,GGG
1772,AGG
1773,AGG
1774,AGG
1775,GGG
1776,AGG
1777,CGG
1778,AGG
1779,AGG
1780,TGG
1781,GGG
1782,TGG
1783,AGG
1784,AGG
1785,CGG
1786,AGG
1787,GGG
1788,AGG
1789,TGG
1790,TGG
1791,GGG
1792,GGG
1793,GGG
1794,TGG
1795,TGG
1796,AGG
1797,AGG
1798,CGG
1799,GGG
1800,TGG
1801,GGG
1802,TGG
1803,CGG
1804,AGG
1805,TGG
1806,GGG
1807,CGG
1808,GGG
1809,GGG
1810,TGG
1811,GGG
1812,TGG
1813,TGG
1814,GGG
1815,TGG
1816,AGG
1817,GGG
1818,TGG
1819,GGG
1820,TGG
1821,TGG
1822,CGG
1823,AGG
1824,GGG
1825,GGG
1826,GGG
1827,TGG
1828,TGG
1829,GGG
1830,TGG
1831,GGG
1832,GGG
1833,TGG
1834,AGG
1835,TGG
1836,GGG
1837,CGG
1838,CGG
1839,TGG
1840,AGG
1841,TGG
1842,GGG
1843,GGG
1844,GGG
1845,TGG
1846,TGG
1847,GGG
1848,AGG
1849,TGG
1850,GGG
1851,GGG
1852,CGG
1853,CGG
1854,AGG
1855,AGG
1856,AGG
1857,TGG
1858,TGG
1859,TGG
1860,AGG
1861,GGG
1862,TGG
1863,TGG
1864,GGG
1865,AGG
1866,AGG
1867,TGG
1868,TGG
1869,GGG
1870,AGG
1871,TGG
1872,AGG
1873,AGG
1874,AGG
1875,AGG
1876,AGG
1877,GGG
1878,CGG
1879,TGG
1880,AGG
1881,GGG
1882,TGG
1883,TGG
1884,TGG
1885,TGG
1886,GGG
1887,AGG
1888,TGG
1889,AGG
1890,AGG
1891,AGG
1892,TGG
1893,TGG
1894,GGG
1895,CGG
1896,GGG
1897,AGG
1898,TGG
1899,CGG
1900,TGG
1901,CGG
1902,AGG
1903,TGG
1904,GGG
1905,AGG
1906,TGG
1907,TGG
1908,TGG
1909,CGG
1910,GGG
1911,TGG
1912,GGG
1913,AGG
1914,AGG
1915,CGG
1916,TGG
1917,CGG
1918,AGG
1919,GGG
1920,CGG
1921,TGG
1922,AGG
1923,TGG
1924,TGG
1925,TGG
1926,GGG
1927,TGG
1928,TGG
1929,TGG
1930,TGG
1931,AGG
1932,AGG
1933,AGG
1934,GGG
1935,TGG
1936,AGG
1937,GGG
1938,GGG
1939,AGG
1940,TGG
1941,AGG
1942,AGG
1943,TGG
1944,AGG
1945,TGG
1946,TGG
1947,AGG
1948,GGG
1949,TGG
1950,CGG
1951,TGG
1952,AGG
1953,GGG
1954,AGG
1955,CGG
1956,TGG
1957,CGG
1958,AGG
1959,GGG
1960,GGG
1961,GGG
1962,TGG
1963,GGG
1964,TGG
1965,TGG
1966,GGG
1967,GGG
1968,GGG
1969,GGG
1970,CGG
1971,TGG
1972,AGG
1973,TGG
1974,TGG
1975,AGG
1976,GGG
1977,TGG
1978,TGG
1979,GGG
1980,AGG
1981,TGG
1982,TGG
1983,CGG
1984,AGG
1985,GGG
1986,AGG
1987,AGG
1988,AGG
1989,TGG
1990,CGG
1991,TGG
1992,TGG
1993,AGG
1994,GGG
1995,TGG
1996,AGG
1997,CGG
1998,TGG
1999,TGG
2000,TGG
2001,TGG
2002,CGG
2003,GGG
2004,TGG
2005,AGG
2006,TGG
2007,TGG
2008,GGG
2009,TGG
2010,TGG
2011,TGG
2012,TGG
2013,GGG
2014,TGG
2015,AGG
2016,CGG
2017,TGG
2018,GGG
2019,TGG
2020,GGG
2021,CGG
2022,CGG
2023,TGG
2024,AGG
2025,CGG
2026,AGG
2027,GGG
2028,TGG
2029,AGG
2030,GGG
2031,GGG
2032,AGG
2033,TGG
2034,TGG
2035,CGG
2036,GGG
2037,TGG
2038,TGG
2039,CGG
2040,TGG
2041,TGG
2042,TGG
2043,AGG
2044,GGG
2045,AGG
2046,TGG
2047,AGG
2048,TGG
2049,TGG
2050,CGG
2051,GGG
2052,GGG
2053,AGG
2054,CGG
2055,GGG
2056,CGG
2057,TGG
2058,GGG
2059,AGG
2060,CGG
2061,TGG
2062,AGG
2063,CGG
2064,CGG
2065,TGG
2066,GGG
2067,TGG
2068,TGG
2069,TGG
2070,GGG
2071,TGG
2072,TGG
2073,AGG
2074,GGG
2075,AGG
2076,TGG
2077,AGG
2078,GGG
2079,TGG
2080,TGG
2081,GGG
2082,GGG
2083,AGG
2084,TGG
2085,AGG
2086,GGG
2087,AGG
2088,GGG
2089,AGG
2090,AGG
2091,TGG
2092,TGG
2093,GGG
2094,TGG
2095,AGG
2096,GGG
2097,TGG
2098,TGG
2099,AGG
2100,AGG
2101,TGG
2102,GGG
2103,TGG
2104,AGG
2105,GGG
2106,TGG
2107,GGG
2108,CGG
2109,CGG
2110,AGG
2111,TGG
2112,TGG
2113,CGG
2114,AGG
2115,TGG
2116,GGG
2117,GGG
2118,AGG
2119,AGG
2120,GGG
2121,AGG
2122,TGG
2123,AGG
2124,GGG
2125,GGG
2126,TGG
2127,GGG
2128,TGG
2129,GGG
2130,AGG
2131,TGG
2132,AGG
2133,TGG
2134,GGG
2135,CGG
2136,CGG
2137,AGG
2138,TGG
2139,TGG
2140,CGG
2141,GGG
2142,AGG
2143,TGG
2144,TGG
2145,AGG
2146,TGG
2147,GGG
2148,TGG
2149,CGG
2150,TGG
2151,TGG
2152,GGG
2153,TGG
2154,AGG
2155,TGG
2156,CGG
2157,TGG
2158,GGG
2159,AGG
2160,AGG
2161,TGG
2162,TGG
2163,CGG
2164,CGG
2165,CGG
2166,TGG
2167,TGG
2168,GGG
2169,AGG
2170,TGG
2171,GGG
2172,CGG
2173,TGG
2174,CGG
2175,AGG
2176,AGG
2177,AGG
2178,CGG
2179,TGG
2180,TGG
2181,TGG
2182,TGG
2183,AGG
2184,GGG
2185,TGG
2186,GGG
2187,TGG
2188,TGG
2189,GGG
2190,AGG
2191,AGG
2192,AGG
2193,AGG
2194,AGG
2195,GGG
2196,CGG
2197,CGG
2198,AGG
2199,AGG
2200,TGG
2201,TGG
2202,GGG
2203,GGG
2204,CGG
2205,AGG
2206,TGG
2207,TGG
2208,AGG
2209,TGG
2210,AGG
2211,AGG
2212,TGG
2213,CGG
2214,TGG
2215,GGG
2216,CGG
2217,TGG
2218,TGG
2219,TGG
2220,TGG
2221,AGG
2222,TGG
2223,GGG
2224,GGG
2225,GGG
2226,CGG
2227,AGG
2228,TGG
2229,GGG
2230,TGG
2231,AGG
2232,TGG
2233,AGG
2234,AGG
2235,TGG
2236,TGG
2237,GGG
2238,TGG
2239,TGG
2240,GGG
2241,AGG
2242,TGG
2243,GGG
2244,AGG
2245,GGG
2246,GGG
2247,GGG
2248,TGG
2249,GGG
2250,TGG
2251,TGG
2252,GGG
2253,TGG
2254,TGG
2255,TGG
2256,TGG
2257,TGG
2258,TGG
2259,AGG
2260,CGG
2261,AGG
2262,CGG
2263,TGG
2264,GGG
2265,TGG
2266,GGG
2267,GGG
2268,TGG
2269,GGG
2270,TGG
2271,TGG
2272,GGG
2273,TGG
2274,AGG
2275,TGG
2276,GGG
2277,AGG
2278,TGG
2279,CGG
2280,AGG
2281,CGG
2282,GGG
2283,GGG
2284,GGG
2285,TGG
2286,AGG
2287,CGG
2288,AGG
2289,TGG
2290,AGG
2291,AGG
2292,CGG
2293,TGG
2294,GGG
2295,GGG
2296,AGG
2297,CGG
2298,CGG
2299,GGG
2300,TGG
2301,TGG
2302,GGG
2303,CGG
2304,AGG
2305,GGG
2306,GGG
2307,AGG
2308,TGG
2309,TGG
2310,AGG
2311,GGG
2312,AGG
2313,AGG
2314,TGG
2315,TGG
2316,TGG
2317,GGG
2318,AGG
2319,GGG
2320,TGG
2321,GGG
2322,GGG
2323,TGG
2324,CGG
2325,TGG
2326,GGG
2327,TGG
2328,AGG
2329,CGG
2330,AGG
2331,AGG
2332,AGG
2333,GGG
2334,GGG
2335,TGG
2336,GGG
2337,AGG
2338,TGG
2339,TGG
2340,AGG
2341,TGG
2342,TGG
2343,CGG
2344,TGG
2345,AGG
2346,CGG
2347,TGG
2348,CGG
2349,GGG
2350,TGG
2351,CGG
2352,GGG
2353,AGG
2354,CGG
2355,TGG
2356,TGG
2357,GGG
2358,AGG
2359,AGG
2360,TGG
2361,TGG
2362,CGG
2363,CGG
2364,TGG
2365,AGG
2366,TGG
2367,AGG
2368,GGG
2369,GGG
2370,GGG
2371,AGG
2372,GGG
2373,AGG
2374,GGG
2375,AGG
2376,TGG
2377,TGG
2378,TGG
2379,AGG
2380,AGG
2381,TGG
2382,GGG
2383,AGG
2384,TGG
2385,CGG
2386,GGG
2387,TGG
2388,GGG
2389,AGG
2390,GGG
2391,TGG
2392,GGG
2393,AGG
2394,AGG
2395,TGG
2396,AGG
2397,TGG
2398,GGG
2399,TGG
2400,TGG
2401,TGG
2402,CGG
2403,AGG
2404,TGG
2405,AGG
2406,TGG
2407,AGG
2408,TGG
2409,TGG
2410,CGG
2411,AGG
2412,TGG
2413,CGG
2414,AGG
2415,GGG
2416,CGG
2417,AGG
2418,AGG
2419,CGG
2420,TGG
2421,GGG
2422,TGG
2423,GGG
2424,GGG
2425,TGG
2426,CGG
2427,AGG
2428,TGG
2429,AGG
2430,AGG
2431,GGG
2432,TGG
2433,CGG
2434,TGG
2435,TGG
2436,TGG
2437,CGG
2438,CGG
2439,AGG
2440,GGG
2441,AGG
2442,AGG
2443,AGG
2444,AGG
2445,GGG
2446,GGG
2447,CGG
2448,AGG
2449,AGG
2450,TGG
2451,GGG
2452,AGG
2453,TGG
2454,CGG
2455,GGG
2456,TGG
2457,AGG
2458,TGG
2459,AGG
2460,CGG
2461,TGG
2462,GGG
2463,GGG
2464,TGG
2465,CGG
2466,AGG
2467,TGG
2468,GGG
2469,AGG
2470,TGG
2471,TGG
2472,TGG
2473,CGG
2474,AGG
2475,AGG
2476,TGG
2477,TGG
2478,TGG
2479,AGG
2480,AGG
2481,GGG
2482,CGG
2483,AGG
2484,CGG
2485,TGG
2486,TGG
2487,TGG
2488,TGG
2489,AGG
2490,AGG
2491,TGG
2492,TGG
2493,GGG
2494,CGG
2495,GGG
2496,CGG
2497,TGG
2498,TGG
2499,GGG
2500,CGG
2501,TGG
2502,AGG
2503,TGG
2504,TGG
2505,GGG
2506,AGG
2507,TGG
2508,TGG
2509,TGG
2510,GGG
2511,TGG
2512,GGG
2513,TGG
2514,AGG
2515,GGG
2516,TGG
2517,TGG
2518,TGG
2519,GGG
2520,TGG
2521,GGG
2522,TGG
2523,GGG
2524,AGG
2525,TGG
2526,TGG
2527,TGG
2528,AGG
2529,TGG
2530,GGG
2531,TGG
2532,CGG
2533,GGG
2534,AGG
2535,CGG
2536,TGG
2537,TGG
2538,TGG
2539,GGG
2540,TGG
2541,AGG
2542,TGG
2543,AGG
2544,AGG
2545,TGG
2546,AGG
2547,GGG
2548,TGG
2549,GGG
2550,AGG
2551,TGG
2552,AGG
2553,CGG
2554,GGG
2555,AGG
2556,GGG
2557,AGG
2558,GGG
2559,AGG
2560,TGG
2561,GGG
2562,AGG
2563,GGG
2564,TGG
2565,TGG
2566,TGG
2567,GGG
2568,AGG
2569,AGG
2570,TGG
2571,CGG
2572,GGG
2573,AGG
2574,AGG
2575,TGG
2576,AGG
2577,AGG
2578,TGG
2579,AGG
2580,GGG
2581,TGG
2582,GGG
2583,TGG
2584,AGG
2585,TGG
2586,TGG
2587,AGG
2588,TGG
2589,GGG
2590,TGG
2591,AGG
2592,GGG
2593,TGG
2594,CGG
2595,TGG
2596,AGG
2597,TGG
2598,GGG
2599,TGG
2600,AGG
2601,TGG
2602,CGG
2603,TGG
2604,GGG
2605,TGG
2606,GGG
2607,AGG
2608,GGG
2609,AGG
2610,TGG
2611,TGG
2612,GGG
2613,AGG
2614,AGG
2615,AGG
2616,TGG
2617,AGG
2618,TGG
2619,AGG
2620,AGG
2621,GGG
2622,GGG
2623,AGG
2624,TGG
2625,TGG
2626,AGG
2627,GGG
2628,AGG
2629,TGG
2630,TGG
2631,AGG
2632,AGG
2633,TGG
2634,AGG
2635,AGG
2636,CGG
2637,GGG
2638,TGG
2639,AGG
2640,AGG
2641,TGG
2642,GGG
2643,TGG
2644,AGG
2645,TGG
2646,AGG
2647,AGG
2648,TGG
2649,GGG
2650,GGG
2651,GGG
2652,TGG
2653,AGG
2654,AGG
2655,TGG
2656,GGG
2657,AGG
2658,CGG
2659,AGG
2660,CGG
2661,CGG
2662,AGG
2663,GGG
2664,AGG
2665,TGG
2666,TGG
2667,GGG
2668,CGG
2669,GGG
2670,TGG
2671,AGG
2672,AGG
2673,TGG
2674,GGG
2675,AGG
2676,AGG
2677,GGG
2678,AGG
2679,AGG
2680,TGG
2681,GGG
2682,GGG
2683,TGG
2684,TGG
2685,GGG
2686,AGG
2687,TGG
2688,GGG
2689,AGG
2690,AGG
2691,GGG
2692,TGG
2693,TGG
2694,GGG
2695,AGG
2696,AGG
2697,AGG
2698,AGG
2699,TGG
2700,AGG
2701,TGG
2702,TGG
2703,CGG
2704,TGG
2705,TGG
2706,TGG
2707,TGG
2708,AGG
2709,TGG
2710,CGG
2711,AGG
2712,GGG
2713,TGG
2714,TGG
2715,GGG
2716,GGG
2717,GGG
2718,TGG
2719,TGG
2720,AGG
2721,GGG
2722,AGG
2723,TGG
2724,GGG
2725,CGG
2726,AGG
2727,TGG
2728,TGG
2729,TGG
2730,AGG
2731,TGG
2732,AGG
2733,AGG
2734,GGG
2735,TGG
2736,TGG
2737,AGG
2738,TGG
2739,AGG
2740,CGG
2741,AGG
2742,GGG
2743,GGG
2744,AGG
2745,TGG
2746,AGG
2747,CGG
2748,AGG
2749,AGG
2750,AGG
2751,TGG
2752,CGG
2753,GGG
2754,CGG
2755,AGG
2756,TGG
2757,CGG
2758,AGG
2759,AGG
2760,TGG
2761,TGG
2762,GGG
2763,TGG
2764,AGG
2765,TGG
2766,AGG
2767,TGG
2768,GGG
2769,CGG
2770,AGG
2771,TGG
2772,TGG
2773,TGG
2774,AGG
2775,TGG
2776,GGG
2777,AGG
2778,AGG
2779,AGG
2780,GGG
2781,TGG
2782,CGG
2783,GGG
2784,CGG
2785,CGG
2786,TGG
2787,AGG
2788,AGG
2789,TGG
2790,AGG
2791,TGG
2792,AGG
2793,GGG
2794,AGG
2795,TGG
2796,GGG
2797,TGG
2798,TGG
2799,GGG
2800,GGG
2801,TGG
2802,CGG
2803,AGG
2804,CGG
2805,AGG
2806,GGG
2807,TGG
2808,AGG
2809,GGG
2810,GGG
2811,GGG
2812,AGG
2813,GGG
2814,TGG
2815,AGG
2816,AGG
2817,TGG
2818,TGG
2819,CGG
2820,TGG
2821,GGG
2822,CGG
2823,AGG
2824,GGG
2825,GGG
2826,GGG
2827,TGG
2828,AGG
2829,TGG
2830,TGG
2831,TGG
2832,AGG
2833,AGG
2834,TGG
2835,GGG
2836,TGG
2837,AGG
2838,CGG
2839,CGG
2840,TGG
2841,AGG
2842,TGG
2843,GGG
2844,TGG
2845,GGG
2846,AGG
2847,TGG
2848,TGG
2849,TGG
2850,CGG
2851,CGG
2852,TGG
2853,GGG
2854,AGG
2855,GGG
2856,CGG
2857,CGG
2858,AGG
2859,CGG
2860,GGG
2861,AGG
2862,AGG
2863,CGG
2864,TGG
2865,GGG
2866,CGG
2867,AGG
2868,GGG
2869,GGG
2870,GGG
2871,CGG
2872,TGG
2873,AGG
2874,GGG
2875,TGG
2876,GGG
2877,TGG
2878,AGG
2879,CGG
2880,TGG
2881,TGG
2882,TGG
2883,AGG
2884,AGG
2885,GGG
2886,TGG
2887,TGG
2888,GGG
2889,CGG
2890,TGG
2891,GGG
2892,AGG
2893,GGG
2894,CGG
2895,TGG
2896,AGG
2897,TGG
2898,CGG
2899,GGG
2900,GGG
2901,AGG
2902,TGG
2903,GGG
2904,TGG
2905,TGG
2906,AGG
2907,CGG
2908,AGG
2909,AGG
2910,GGG
2911,GGG
2912,TGG
2913,CGG
2914,TGG
2915,TGG
2916,CGG
2917,GGG
2918,AGG
2919,AGG
2920,GGG
2921,GGG
2922,CGG
2923,AGG
2924,TGG
2925,TGG
2926,AGG
2927,TGG
2928,AGG
2929,TGG
2930,CGG
2931,AGG
2932,AGG
2933,TGG
2934,TGG
2935,TGG
2936,GGG
2937,CGG
2938,CGG
2939,AGG
2940,GGG
2941,GGG
2942,TGG
2943,CGG
2944,GGG
2945,AGG
2946,TGG
2947,AGG
2948,CGG
2949,GGG
2950,TGG
2951,AGG
2952,CGG
2953,TGG
2954,TGG
2955,AGG
2956,AGG
2957,TGG
2958,CGG
2959,TGG
2960,GGG
2961,CGG
2962,AGG
2963,TGG
2964,TGG
2965,GGG
2966,CGG
2967,CGG
2968,AGG
2969,GGG
2970,TGG
2971,AGG
2972,TGG
2973,TGG
2974,GGG
2975,TGG
2976,TGG
2977,TGG
2978,AGG
2979,TGG
2980,GGG
2981,AGG
2982,TGG
2983,GGG
2984,GGG
2985,CGG
2986,TGG
2987,GGG
2988,GGG
2989,GGG
2990,CGG
2991,CGG
2992,TGG
2993,TGG
2994,AGG
2995,GGG
2996,TGG
2997,AGG
2998,AGG
2999,AGG
3000,TGG
3001,GGG
3002,GGG
3003,GGG
3004,TGG
3005,GGG
3006,GGG
3007,GGG
3008,AGG
3009,AGG
3010,CGG
3011,AGG
3012,GGG
3013,CGG
3014,AGG
3015,TGG
3016,GGG
3017,GGG
3018,TGG
3019,GGG
3020,GGG
3021,AGG
3022,TGG
3023,AGG
3024,TGG
3025,TGG
3026,GGG
3027,GGG
3028,AGG
3029,AGG
3030,AGG
3031,GGG
3032,AGG
3033,GGG
3034,GGG
3035,AGG
3036,AGG
3037,AGG
3038,TGG
3039,TGG
3040,AGG
3041,TGG
3042,TGG
3043,TGG
3044,AGG
3045,TGG
3046,AGG
3047,GGG
3048,GGG
3049,CGG
3050,TGG
3051,TGG
3052,GGG
3053,GGG
3054,TGG
3055,TGG
3056,AGG
3057,TGG
3058,TGG
3059,TGG
3060,AGG
3061,TGG
3062,AGG
3063,TGG
3064,GGG
3065,TGG
3066,AGG
3067,GGG
3068,AGG
3069,TGG
3070,TGG
3071,TGG
3072,TGG
3073,GGG
3074,TGG
3075,TGG
3076,TGG
3077,TGG
3078,GGG
3079,GGG
3080,AGG
3081,CGG
3082,CGG
3083,TGG
3084,TGG
3085,TGG
3086,TGG
3087,TGG
3088,TGG
3089,GGG
3090,AGG
3091,AGG
3092,TGG
3093,GGG
3094,CGG
3095,TGG
3096,AGG
3097,GGG
3098,AGG
3099,CGG
3100,AGG
3101,CGG
3102,GGG
3103,TGG
3104,GGG
3105,GGG
3106,GGG
3107,GGG
3108,AGG
3109,AGG
3110,TGG
3111,GGG
3112,TGG
3113,TGG
3114,CGG
3115,GGG
3116,TGG
3117,GGG
3118,TGG
3119,TGG
3120,GGG
3121,AGG
3122,GGG
3123,CGG
3124,GGG
3125,TGG
3126,TGG
3127,TGG
3128,TGG
3129,TGG
3130,GGG
3131,GGG
3132,AGG
3133,GGG
3134,GGG
3135,AGG
3136,GGG
3137,CGG
3138,AGG
3139,AGG
3140,GGG
3141,TGG
3142,AGG
3143,CGG
3144,TGG
3145,AGG
3146,TGG
3147,GGG
3148,CGG
3149,CGG
3150,CGG
3151,AGG
3152,TGG
3153,TGG
3154,AGG
3155,AGG
3156,AGG
3157,GGG
3158,CGG
3159,TGG
3160,AGG
3161,AGG
3162,AGG
3163,AGG
3164,TGG
3165,TGG
3166,AGG
3167,GGG
3168,GGG
3169,TGG
3170,TGG
3171,AGG
3172,TGG
3173,CGG
3174,GGG
3175,TGG
3176,GGG
3177,AGG
3178,GGG
3179,TGG
3180,AGG
3181,GGG
3182,AGG
3183,GGG
3184,CGG
3185,TGG
3186,AGG
3187,TGG
3188,GGG
3189,AGG
3190,TGG
3191,AGG
3192,AGG
3193,TGG
3194,TGG
3195,AGG
3196,CGG
3197,GGG
3198,CGG
3199,AGG
3200,AGG
3201,AGG
3202,AGG
3203,TGG
3204,TGG
3205,GGG
3206,AGG
3207,TGG
3208,TGG
3209,GGG
3210,TGG
3211,AGG
3212,AGG
3213,AGG
3214,GGG
3215,TGG
3216,AGG
3217,GGG
3218,TGG
3219,GGG
3220,TGG
3221,CGG
3222,GGG
3223,TGG
3224,TGG
3225,GGG
3226,GGG
3227,TGG
3228,AGG
3229,AGG
3230,AGG
3231,AGG
3232,AGG
3233,GGG
3234,TGG
3235,AGG
3236,TGG
3237,TGG
3238,TGG
3239,TGG
3240,GGG
3241,TGG
3242,TGG
3243,TGG
3244,GGG
3245,AGG
3246,AGG
3247,TGG
3248,TGG
3249,TGG
3250,TGG
3251,GGG
3252,AGG
3253,AGG
3254,CGG
3255,TGG
3256,TGG
3257,GGG
3258,GGG
3259,GGG
3260,AGG
3261,TGG
3262,CGG
3263,CGG
3264,TGG
3265,GGG
3266,GGG
3267,GGG
3268,CGG
3269,TGG
3270,GGG
3271,CGG
3272,AGG
3273,TGG
3274,AGG
3275,TGG
3276,AGG
3277,TGG
3278,TGG
3279,GGG
3280,GGG
3281,AGG
3282,TGG
3283,TGG
3284,TGG
3285,TGG
3286,TGG
3287,TGG
3288,TGG
3289,GGG
3290,GGG
3291,TGG
3292,AGG
3293,AGG
3294,AGG
3295,TGG
3296,GGG
3297,TGG
3298,GGG
3299,GGG
3300,CGG
3301,TGG
3302,TGG
3303,TGG
3304,GGG
3305,TGG
3306,AGG
3307,GGG
3308,TGG
3309,CGG
3310,CGG
3311,GGG
3312,GGG
3313,TGG
3314,AGG
3315,GGG
3316,AGG
3317,TGG
3318,AGG
3319,AGG
3320,AGG
3321,TGG
3322,AGG
3323,GGG
3324,TGG
3325,TGG
3326,AGG
3327,TGG
3328,TGG
3329,AGG
3330,CGG
3331,GGG
3332,AGG
3333,GGG
3334,GGG
3335,GGG
3336,CGG
3337,AGG
3338,TGG
3339,GGG
3340,GGG
3341,CGG
3342,CGG
3343,GGG
3344,AGG
3345,TGG
3346,AGG
3347,TGG
3348,TGG
3349,AGG
3350,AGG
3351,AGG
3352,AGG
3353,GGG
3354,AGG
3355,TGG
3356,GGG
3357,GGG
3358,GGG
3359,AGG
3360,TGG
3361,TGG
3362,TGG
3363,GGG
3364,TGG
3365,TGG
3366,CGG
3367,GGG
3368,TGG
3369,AGG
3370,TGG
3371,TGG
3372,AGG
3373,TGG
3374,AGG
3375,TGG
3376,CGG
3377,AGG
3378,GGG
3379,AGG
3380,TGG
3381,TGG
3382,TGG
3383,GGG
3384,AGG
3385,TGG
3386,CGG
3387,AGG
3388,GGG
3389,AGG
3390,AGG
3391,TGG
3392,TGG
3393,TGG
3394,AGG
3395,AGG
3396,GGG
3397,GGG
3398,GGG
3399,CGG
3400,CGG
3401,AGG
3402,TGG
3403,GGG
3404,GGG
3405,TGG
3406,GGG
3407,AGG
3408,CGG
3409,AGG
3410,GGG
3411,TGG
3412,GGG
3413,TGG
3414,GGG
3415,TGG
3416,AGG
3417,TGG
3418,TGG
3419,TGG
3420,AGG
3421,CGG
3422,AGG
3423,AGG
3424,AGG
3425,CGG
3426,CGG
3427,CGG
3428,AGG
3429,TGG
3430,TGG
3431,AGG
3432,AGG
3433,AGG
3434,AGG
3435,AGG
3436,CGG
3437,TGG
3438,TGG
3439,AGG
3440,GGG
3441,TGG
3442,AGG
3443,TGG
3444,AGG
3445,AGG
3446,GGG
3447,CGG
3448,GGG
3449,AGG
3450,TGG
3451,AGG
3452,GGG
3453,AGG
3454,AGG
3455,TGG
3456,TGG
3457,TGG
3458,AGG
3459,GGG
3460,AGG
3461,AGG
3462,AGG
3463,TGG
3464,TGG
3465,GGG
3466,GGG
3467,TGG
3468,TGG
3469,AGG
3470,AGG
3471,TGG
3472,GGG
3473,TGG
3474,AGG
3475,AGG
3476,GGG
3477,AGG
3478,AGG
3479,AGG
3480,TGG
3481,TGG
3482,CGG
3483,TGG
3484,AGG
3485,TGG
3486,AGG
3487,CGG
3488,GGG
3489,TGG
3490,CGG
3491,AGG
3492,TGG
3493,TGG
3494,TGG
3495,GGG
3496,AGG
3497,TGG
3498,AGG
3499,GGG
3500,TGG
3501,TGG
3502,GGG
3503,CGG
3504,GGG
3505,TGG
3506,GGG
3507,TGG
3508,AGG
3509,GGG
3510,AGG
3511,CGG
3512,AGG
3513,TGG
3514,GGG
3515,GGG
3516,TGG
3517,GGG
3518,AGG
3519,TGG
3520,TGG
3521,AGG
3522,GGG
3523,TGG
3524,AGG
3525,GGG
3526,AGG
3527,TGG
3528,TGG
3529,AGG
3530,AGG
3531,AGG
3532,AGG
3533,GGG
3534,CGG
3535,GGG
3536,GGG
3537,AGG
3538,TGG
3539,TGG
3540,TGG
3541,AGG
3542,TGG
3543,GGG
3544,CGG
3545,AGG
3546,GGG
3547,GGG
3548,TGG
3549,CGG
3550,GGG
3551,TGG
3552,TGG
3553,CGG
3554,TGG
3555,GGG
3556,CGG
3557,CGG
3558,CGG
3559,AGG
3560,AGG
3561,AGG
3562,AGG
3563,AGG
3564,TGG
3565,GGG
3566,AGG
3567,AGG
3568,GGG
3569,GGG
3570,TGG
3571,TGG
3572,GGG
3573,GGG
3574,AGG
3575,TGG
3576,CGG
3577,TGG
3578,TGG
3579,AGG
3580,AGG
3581,AGG
3582,CGG
3583,TGG
3584,AGG
3585,GGG
3586,GGG
3587,GGG
3588,TGG
3589,TGG
3590,GGG
3591,TGG
3592,TGG
3593,TGG
3594,GGG
3595,CGG
3596,TGG
3597,GGG
3598,CGG
3599,TGG
3600,TGG
3601,TGG
3602,AGG
3603,CGG
3604,TGG
3605,GGG
3606,TGG
3607,TGG
3608,GGG
3609,TGG
3610,CGG
3611,GGG
3612,TGG
3613,AGG
3614,TGG
3615,TGG
3616,TGG
3617,GGG
3618,AGG
3619,GGG
3620,GGG
3621,GGG
3622,AGG
3623,GGG
3624,CGG
3625,TGG
3626,TGG
3627,GGG
3628,TGG
3629,TGG
3630,GGG
3631,AGG
3632,TGG
3633,AGG
3634,AGG
3635,TGG
3636,AGG
3637,CGG
3638,AGG
3639,CGG
3640,AGG
3641,TGG
3642,CGG
3643,TGG
3644,AGG
3645,GGG
3646,AGG
3647,GGG
3648,TGG
3649,CGG
3650,CGG
3651,TGG
3652,GGG
3653,GGG
3654,GGG
3655,TGG
3656,CGG
3657,AGG
3658,TGG
3659,GGG
3660,TGG
3661,GGG
3662,GGG
3663,GGG
3664,AGG
3665,TGG
3666,GGG
3667,AGG
3668,TGG
3669,TGG
3670,AGG
3671,TGG
3672,TGG
3673,GGG
3674,TGG
3675,TGG
3676,TGG
3677,AGG
3678,AGG
3679,TGG
3680,GGG
3681,AGG
3682,TGG
3683,CGG
3684,GGG
3685,TGG
3686,TGG
3687,CGG
3688,GGG
3689,AGG
3690,TGG
3691,AGG
3692,GGG
3693,TGG
3694,GGG
3695,AGG
3696,TGG
3697,AGG
3698,GGG
3699,GGG
3700,TGG
3701,TGG
3702,TGG
3703,GGG
3704,GGG
3705,GGG
3706,AGG
3707,AGG
3708,TGG
3709,TGG
3710,TGG
3711,AGG
3712,GGG
3713,AGG
3714,TGG
3715,GGG
3716,TGG
3717,AGG
3718,GGG
3719,CGG
3720,CGG
3721,AGG
3722,AGG
3723,TGG
3724,TGG
3725,AGG
3726,TGG
3727,TGG
3728,TGG
3729,AGG
3730,GGG
3731,AGG
3732,CGG
3733,AGG
3734,CGG
3735,TGG
3736,TGG
3737,GGG
3738,TGG
3739,AGG
3740,AGG
3741,TGG
3742,AGG
3743,GGG
3744,GGG
3745,AGG
3746,AGG
3747,TGG
3748,AGG
3749,TGG
3750,AGG
3751,AGG
3752,GGG
3753,TGG
3754,TGG
3755,TGG
3756,AGG
3757,AGG
3758,CGG
3759,GGG
3760,GGG
3761,GGG
3762,GGG
3763,AGG
3764,AGG
3765,AGG
3766,GGG
3767,TGG
3768,TGG
3769,AGG
3770,AGG
3771,GGG
3772,CGG
3773,TGG
3774,AGG
3775,AGG
3776,AGG
3777,AGG
3778,TGG
3779,GGG
3780,CGG
3781,TGG
3782,AGG
3783,AGG
3784,CGG
3785,GGG
3786,TGG
3787,TGG
3788,TGG
3789,GGG
3790,TGG
3791,CGG
3792,TGG
3793,TGG
3794,AGG
3795,TGG
3796,CGG
3797,TGG
3798,GGG
3799,TGG
3800,GGG
3801,GGG
3802,TGG
3803,GGG
3804,AGG
3805,AGG
3806,TGG
3807,GGG
3808,AGG
3809,AGG
3810,GGG
3811,AGG
3812,GGG
3813,AGG
3814,TGG
3815,AGG
3816,AGG
3817,GGG
3818,TGG
3819,TGG
3820,AGG
3821,TGG
3822,GGG
3823,AGG
3824,AGG
3825,TGG
3826,TGG
3827,AGG
3828,TGG
3829,AGG
3830,TGG
3831,CGG
3832,AGG
3833,GGG
3834,GGG
3835,TGG
3836,GGG
3837,AGG
3838,CGG
3839,AGG
3840,TGG
3841,TGG
3842,AGG
3843,TGG
3844,TGG
3845,AGG
3846,AGG
3847,AGG
3848,AGG
3849,GGG
3850,AGG
3851,GGG
3852,TGG
3853,GGG
3854,TGG
3855,AGG
3856,GGG
3857,GGG
3858,TGG
3859,TGG
3860,AGG
3861,TGG
3862,CGG
3863,TGG
3864,AGG
3865,TGG
3866,GGG
3867,TGG
3868,CGG
3869,AGG
3870,GGG
3871,CGG
3872,TGG
3873,AGG
3874,TGG
3875,GGG
3876,GGG
3877,GGG
3878,CGG
3879,AGG
3880,GGG
3881,AGG
3882,GGG
3883,CGG
3884,CGG
3885,TGG
3886,TGG
3887,TGG
3888,GGG
3889,TGG
3890,AGG
3891,TGG
3892,TGG
3893,CGG
3894,AGG
3895,CGG
3896,GGG
3897,AGG
3898,GGG
3899,TGG
3900,GGG
3901,CGG
3902,GGG
3903,GGG
3904,TGG
3905,TGG
3906,CGG
3907,TGG
3908,TGG
3909,TGG
3910,CGG
3911,GGG
3912,TGG
3913,GGG
3914,TGG
3915,TGG
3916,AGG
3917,TGG
3918,TGG
3919,TGG
3920,TGG
3921,AGG
3922,GGG
3923,TGG
3924,GGG
3925,GGG
3926,CGG
3927,TGG
3928,GGG
3929,AGG
3930,AGG
3931,CGG
3932,TGG
3933,TGG
3934,AGG
3935,AGG
3936,TGG
3937,TGG
3938,GGG
3939,CGG
3940,CGG
3941,CGG
3942,CGG
3943,GGG
3944,TGG
3945,AGG
3946,GGG
3947,AGG
3948,TGG
3949,CGG
3950,TGG
3951,GGG
3952,GGG
3953,TGG
3954,AGG
3955,TGG
3956,TGG
3957,GGG
3958,CGG
3959,AGG
3960,AGG
3961,TGG
3962,AGG
3963,GGG
3964,TGG
3965,AGG
3966,TGG
3967,AGG
3968,CGG
3969,AGG
3970,GGG
3971,TGG
3972,TGG
3973,TGG
3974,AGG
3975,TGG
3976,CGG
3977,GGG
3978,CGG
3979,GGG
3980,TGG
3981,TGG
3982,TGG
3983,GGG
3984,TGG
3985,AGG
3986,TGG
3987,TGG
3988,GGG
3989,CGG
3990,GGG
3991,CGG
3992,TGG
3993,GGG
3994,TGG
3995,GGG
3996,TGG
3997,GGG
3998,AGG
3999,GGG
4000,CGG
4001,AGG
4002,TGG
4003,CGG
4004,TGG
4005,TGG
4006,GGG
4007,GGG
4008,TGG
4009,TGG
4010,TGG
4011,TGG
4012,CGG
4013,TGG
4014,AGG
4015,AGG
4016,TGG
4017,GGG
4018,AGG
4019,TGG
4020,AGG
4021,AGG
4022,AGG
4023,TGG
4024,GGG
4025,TGG
4026,GGG
4027,GGG
4028,TGG
4029,GGG
4030,TGG
4031,TGG
4032,GGG
4033,GGG
4034,TGG
4035,GGG
4036,AGG
4037,GGG
4038,GGG
4039,TGG
4040,GGG
4041,AGG
4042,TGG
4043,GGG
4044,GGG
4045,TGG
4046,GGG
4047,GGG
4048,TGG
4049,GGG
4050,TGG
4051,TGG
4052,AGG
4053,CGG
4054,AGG
4055,TGG
4056,AGG
4057,AGG
4058,TGG
4059,TGG
4060,GGG
4061,AGG
4062,TGG
4063,TGG
4064,CGG
4065,AGG
4066,TGG
4067,GGG
4068,GGG
4069,AGG
4070,GGG
4071,TGG
4072,AGG
4073,AGG
4074,TGG
4075,GGG
4076,AGG
4077,TGG
4078,AGG
4079,AGG
4080,TGG
4081,TGG
4082,CGG
4083,TGG
4084,GGG
4085,AGG
4086,AGG
4087,TGG
4088,AGG
4089,GGG
4090,TGG
4091,GGG
4092,GGG
4093,TGG
4094,AGG
4095,AGG
4096,AGG
4097,TGG
4098,GGG
4099,AGG
4100,AGG
4101,GGG
4102,AGG
4103,GGG
4104,GGG
4105,TGG
4106,AGG
4107,GGG
4108,GGG
4109,TGG
4110,AGG
4111,TGG
4112,TGG
4113,GGG
4114,GGG
